study_id,study_title,study_type,principal_investigator,study_start_year
STUDY-3518,Consent to Contact - 20070307 - Pericak Vance,observational,Pericak-Vance,2022
STUDY-3594,Consent to Contact - 20070380 - Vance,observational,Vance,2022
STUDY-2926,Consent to Contact - 20070492 - Wang,observational,Wang,2022
STUDY-8892,Consent to Contact - 20150678 - Heller,interventional,Heller,2022
STUDY-3046,Consent to Contact - 20150929 - McIntosh,observational,Unknown,2020
STUDY-4988,Consent to Contact - 20160316 - Rosa-Cunha,interventional,Rosa-Cunha,2022
STUDY-5355,Consent to Contact - 20160640 - Abdulreda,interventional,Abdulreda,2022
STUDY-4501,Consent to Contact - 20160736 - Kim,observational,Kim,2022
STUDY-5045,Consent to Contact - 20160776 - Timpano,observational,Timpano,2022
STUDY-3736,Consent to Contact - 20170656 - Penedo,interventional,Penedo,2022
STUDY-2748,Consent to Contact - 20170766 - Cabrera DeBuc,observational,DeBuc,2022
STUDY-2763,Consent to Contact - 20170825 - All of Us,observational,Zuchner,2022
STUDY-10477,Consent to Contact - 20170825 - All of Us v2,observational,Zuchner,2022
STUDY-4555,Consent to Contact - 20180013 - Coffey,observational,Coffey,2022
STUDY-2788,Consent to Contact - 20180165 - Nichols,observational,Unknown,2020
STUDY-3966,Consent to Contact - 20180256 - Tomic-Canic,interventional,Tomic Canic,2022
STUDY-3969,Consent to Contact - 20180468 - Lev-Tov,observational,Lev-Tov,2022
STUDY-3048,Consent to Contact - 20180631 - McIntosh,observational,McIntosh,2022
STUDY-4898,Consent to Contact - 20180774 - Perry,observational,Perry,2022
STUDY-8960,Consent to Contact - 20180816 - Jimenez,observational,Jimenez,2022
STUDY-3102,Consent to Contact - 20180908 - Benatar,observational,Benatar,2022
STUDY-3182,Consent to Contact - 20180926 - Gomes Osman,observational,Unknown,2020
STUDY-3448,Consent to Contact - 20181208 - Solle,observational,Unknown,2020
STUDY-8311,Consent to Contact - 20190034 - Hoffer,observational,Hoffer,2022
STUDY-3967,Consent to Contact - 20190044 - Kirsner,observational,Unknown,2020
STUDY-3206,Consent to Contact - 20190328 - Asfar,interventional,Asfar,2022
STUDY-3485,Consent to Contact - 20190425 - Ramos,observational,Ramos,2022
STUDY-3324,Consent to Contact - 20190488 - Nichols,observational,Nichols,2022
STUDY-3288,Consent to Contact - 20190564 - Maderal,observational,Unknown,2020
STUDY-5410,Consent to Contact - 20190574 - Timpano,observational,Timpano,2022
STUDY-4971,Consent to Contact - 20190702 - Jagid,observational,Jagid,2022
STUDY-5011,Consent to Contact - 20190762 - Penedo,interventional,Penedo,2022
STUDY-5400,Consent to Contact - 20190846 - Penedo,observational,Penedo,2022
STUDY-5239,Consent to Contact - 20191101 - Wang,observational,Wang,2022
STUDY-4276,Consent to Contact - 20200014 - Kirsner,observational,Kirsner,2022
STUDY-4362,Consent to Contact - 20200026 - Kirsner,observational,Unknown,2020
STUDY-5685,Consent to Contact - 20200027 - Monteith,observational,Monteith,2022
STUDY-4363,Consent to Contact - 20200057 - Kirsner,observational,Unknown,2020
STUDY-5871,Consent to Contact - 20200127 - St. George,observational,StGeorge,2022
STUDY-5277,Consent to Contact - 20200199 - Galvin,interventional,Galvin,2022
STUDY-5073,Consent to Contact - 20200230 - Vidot,observational,Vidot,2022
STUDY-4233,Consent to Contact - 20200267 - Nichols,observational,Unknown,2020
STUDY-4012,Consent to Contact - 20200272 - Yosipovitch,observational,Unknown,2020
STUDY-4022,Consent to Contact - 20200284 - Nichols,observational,Nichols,2022
STUDY-5304,Consent to Contact - 20200286 - Vidot,observational,Vidot,2022
STUDY-3900,Consent to Contact - 20200450 - Penedo,observational,Penedo,2022
STUDY-4457,Consent to Contact - 20200454 - Nichols,interventional,Yosipovitch,2022
STUDY-4096,Consent to Contact - 20200472 - Kolber,observational,Unknown,2020
STUDY-5081,Consent to Contact - 20200566 - Hare,interventional,Hare,2022
STUDY-4690,Consent to Contact - 20200743 - Carrasquillo,observational,Carrasquillo,2022
STUDY-4967,Consent to Contact - 20200854 - Penedo,interventional,Penedo,2022
STUDY-4648,Consent to Contact - 20200857 - Yosipovitch,interventional,Yosipovitch,2022
STUDY-4925,Consent to Contact - 20200908 - Nichols,observational,Nichols,2022
STUDY-5554,Consent to Contact - 20200966 - Alejandro,interventional,Ricordi,2022
STUDY-4453,Consent to Contact - 20200968 - Jayaweera,observational,Unknown,2020
STUDY-4351,Consent to Contact - 20200973 - Penedo,observational,Penedo,2022
STUDY-4767,Consent to Contact - 20201003 - Downs,observational,Unknown,2020
STUDY-4569,Consent to Contact - 20201026 - Pawha,observational,Pahwa,2022
STUDY-4695,Consent to Contact - 20201067 - Kim,observational,Kim,2022
STUDY-6683,Consent to Contact - 20201151 - Goldberger,observational,Goldberger,2022
STUDY-4874,Consent to Contact - 20201225 - Fein,observational,Fein,2022
STUDY-5876,Consent to Contact - 20201420 - Penedo,observational,Penedo,2022
STUDY-5960,Consent to Contact - 20201421 - St. George,observational,StGeorge,2022
STUDY-5041,Consent to Contact - 20201447 - Penedo,observational,Penedo,2022
STUDY-6684,Consent to Contact - 20201491 - Solle,observational,Solle,2022
STUDY-5403,Consent to Contact - 20201552 - Harvey,observational,Harvey,2022
STUDY-5684,Consent to Contact - 20210040 - Monteith,observational,Monteith,2022
STUDY-5783,Consent to Contact - 20210135 - Penedo,interventional,Penedo,2022
STUDY-5728,Consent to Contact - 20210179 - Goldberg,interventional,Goldberg,2022
STUDY-6397,Consent to Contact - 20210332 - Levy,observational,Unknown,2020
STUDY-6258,Consent to Contact - 20210476 - Fischl,observational,Alcaide,2022
STUDY-8464,Consent to Contact - 20210485 - Jean-Louis,observational,Jean-Louis,2022
STUDY-5151,Consent to Contact - 20210606 - Morgan,observational,Morgan,2022
STUDY-8465,Consent to Contact - 20210640 - Goel,observational,Goel,2022
STUDY-5372,Consent to Contact - 20210719 - Yosipovitch,interventional,Yosipovitch,2022
STUDY-5373,Consent to Contact - 20210727 - Kerri,observational,Keri,2022
STUDY-5527,Consent to Contact - 20210745 - Moreno,observational,Moreno,2022
STUDY-6061,Consent to Contact - 20210773 - Carrico,interventional,McIntosh,2022
STUDY-5485,Consent to Contact - 20211026 - Syan,observational,Syan,2022
STUDY-5450,Consent to Contact - 20211038 - Jayaweera,observational,Unknown,2020
STUDY-5710,Consent to Contact - 20211099 - Nattkemper,observational,Nattkemper,2022
STUDY-6142,Consent to Contact - 20211141 - Penedo,observational,Penedo,2022
STUDY-6127,Consent to Contact - 20211232 - Carrico,observational,Jones,2022
STUDY-6781,Consent to Contact - 20220034 - Penedo,observational,Penedo,2022
STUDY-6045,Consent to Contact - 20220077 - Losin,observational,Losin,2022
STUDY-5949,Consent to Contact - 20220132 - Wong,observational,Martinez,2022
STUDY-5796,Consent to Contact - 20220134 - Syan,observational,Syan,2022
STUDY-6343,Consent to Contact - 20220258 - Madrazo,observational,Unknown,2020
STUDY-6046,Consent to Contact - 20220441 - Jayaweera,observational,Unknown,2020
STUDY-6717,Consent to Contact - 20220462 - Roach,observational,Roach,2022
STUDY-9236,Consent to Contact - 20220509 - Jean-Louis,interventional,Jean-Louis,2022
STUDY-8734,Consent to Contact - 20220746 - Olazagasti,interventional,Olazagasti,2022
STUDY-6716,Consent to Contact - 20220751 - Penedo,observational,Penedo,2022
STUDY-6494,Consent to Contact - 20220784 - Penedo,interventional,Penedo,2022
STUDY-6334,Consent to Contact - 20220940 - Wright,observational,Wright,2022
STUDY-7786,Consent to Contact - 20220958 - Doss,interventional,Doss,2022
STUDY-8800,Consent to Contact - 20221016 - Taylor,observational,Taylor,2022
STUDY-8256,Consent to Contact - 20230039 - Yosipovitch,interventional,Yosipovitch,2023
STUDY-8270,Consent to Contact - 20230094 - Yosipovitch,interventional,Yosipovitch,2023
STUDY-7061,Consent to Contact - 20230167 - Roach,observational,Roach,2023
STUDY-8905,Consent to Contact - 20230169 - Loewenstein,observational,Loewenstein,2023
STUDY-9981,Consent to Contact - 20230516 - Natori,interventional,Natori,2023
STUDY-10383,Consent to Contact - 20230533 - Crane,interventional,Crane,2023
STUDY-8934,Consent to Contact - 20230573 - Schiff,interventional,Schiff,2023
STUDY-8862,Consent to Contact - 20230579 - Schiff,interventional,Schiff,2023
STUDY-9049,Consent to Contact - 20230715 - Vendrame,interventional,Vendrame,2023
STUDY-8358,Consent to Contact - 20230720 - Galindo,observational,Galindo,2023
STUDY-8889,Consent to Contact - 20230726 - Penedo,interventional,Penedo,2023
STUDY-9208,Consent to Contact - 20230784 - Bishop,observational,Bishop,2023
STUDY-10304,Consent to Contact - 20230908 - Medeiros,observational,Medeiros,2023
STUDY-9101,Consent to Contact - 20231007 - OShea,observational,OShea,2023
STUDY-8961,Consent to Contact - 20231068 - Soliman,observational,Soliman,2023
STUDY-9369,Consent to Contact - 20231177 - Manten,interventional,Manten,2023
STUDY-9831,Consent to Contact - 20231348 - Kobetz,observational,Kobetz,2023
STUDY-9808,Consent to Contact - 20240043 - Levy,interventional,Levy,2024
STUDY-9707,Consent to Contact - 20240053 - Siddharthan,observational,Unknown,2020
STUDY-9604,Consent to Contact - 20240214 - Kim,interventional,Kim,2024
STUDY-11056,Consent to Contact - 20240230 - Seixas,interventional,Seixas,2024
STUDY-9534,Consent to Contact - 20240300 - Gong,observational,Gong,2024
STUDY-11016,Consent to Contact - 20240535 - Jagid,observational,Jagid,2024
STUDY-10366,Consent to Contact - 20240622 - Patrizio,observational,Patrizio,2024
STUDY-10450,Consent to Contact - 20240623 - Moreno,observational,Moreno,2024
STUDY-10446,Consent to Contact - 20240732 - Siddharthan,interventional,Siddharthan,2024
STUDY-10303,Consent to Contact - 20240832 - Medeiros,observational,Medeiros,2024
STUDY-10887,Consent to Contact - 20240853 - Drexler,interventional,Drexler,2024
STUDY-10300,Consent to Contact - 20240870 - Farkas,observational,Farkas,2024
STUDY-9785,Consent to Contact - 20241067 - Dosch,observational,Dosch,2024
STUDY-10744,Consent to Contact - 20241120 - D&#039;Amato,observational,Unknown,2020
STUDY-11110,Consent to Contact - 20250013 - Crane,interventional,Crane,2025
STUDY-11311,Consent to Contact - 20250237 - Farkas,interventional,Farkas,2025
